Date,Month,Color,Location,Side,Number,Agency,Origin,Lot Number,Source of fish,Age,TL (mm),Release,Reach,Notes,Mark,C,L,S,Year,RM_up,RM_down,,River temp,Truck temp,Comments
1-Jan-02,1,yellow,left,predorsal,4600,MSB,Dexter,,,,,San Marcial,3,,YLD 2002,Y,L,D,2002,67.5,67.5,,,,
2-Jan-02,1,green,left,predorsal,7300,MSB,Dexter,,,,,Socorro,3,,GLD 2002,G,L,D,2002,101.6,101.6,,,,
2-Jun-02,6,orange,right,predorsal,2082,FRO,Abq,,,,,Alameda Bridge,1,,ORD 2002,O,R,D,2002,191.1,191.1,,,,
9-Dec-02,12,orange,left,predorsal,41500,FRO,Dexter,,,,,Corrales,1,,OLD 2002,O,L,D,2002,195,195,,,,
2-Jan-03,1,green,left,predorsal,61118,FRO,Dexter,,,,,Bernalillo,1,* plus 918 yankton fish,GLD 2003,G,L,D,2003,203.2,203.2,,,,
3-Apr-03,4,red,left,predorsal,22266,FRO,Dexter,,,,,Sandia Pueblo,1,,RLD 2003,R,L,D,2003,197.8,197.8,,,,
3-Jan-04,1,yellow,right,predorsal,48513,FRO,Dexter,,,,,Sandia Pueblo,1,"* 5,307 VIE marked, all were calcein marked (Dexter)",YRD 2004,Y,R,D,2004,197.8,197.8,,,,
4-Apr-04,4,red,right,predorsal,46545,FRO,Dexter,,"2003 Las Cruces, 2001 Dexter, 2003 BioPark wild caught",3-Jan,30,Sandia-float,1,"* 5,100 VIE marked, all were calcein marked (Dexter)",RRD 2004,R,R,D,2004,203,193,,,,
4-Apr-04,4,red,right,predorsal,10099,FRO,LC,,"2004 Las Cruces, 2001 Dexter, 2003 BioPark wild caught",3-Jan,31,Sandia-float,1,* all VIE and calcein (A mountain),RRD 2004,R,R,D,2004,203,193,,,,
4-Apr-04,4,green,right,predorsal,8500,FRO,Abq,CSSA03,Spawn progeny of 01 and 02 wild caught eggs and 01 and 02 adults from those eggs from SA 16 june 2003 ,1,,Sandia-float,1,(COA),GRD 2004,G,R,D,2004,203,193,,,,
15-Apr-04,4,orange,right,predorsal,1500,FRO,Abq,CSSA03,Spawn progeny of 01 and 02 wild caught eggs from SA 16 june 2003 ,1,,Bernalillo,1,all calcein(COA),ORD 2004,O,R,D,2004,203.2,203.2,,,,
20-Oct-04,10,yellow,left,predorsal,570,ABQ,Abq,WCSA02,,,,Central bridge,1,not part of protocol study,YLD 2004,Y,L,D,2004,182.8,182.8,,,,
3-Nov-04,11,yellow,right,anal,9622,FRO,Dexter,,,0,,Bernalillo-day,1,,YRA 2004,Y,R,A,2004,203.2,193.6,,,,
3-Nov-04,11,red,right,anal,8639,FRO,Dexter,,,,,Sandia-float-day,1,,RRA 2004,R,R,A,2004,204,193.6,,,,
3-Nov-04,11,yellow,left,anal,3021,FRO,Abq,ABP04-007,Wild caught as eggs in 2002,0,,Bernalillo-day,1,,YLA 2004,Y,L,A,2004,203.2,193.6,,,,
3-Nov-04,11,yellow,left,anal,2791,FRO,Abq,CSSA03,Captive spawn of CSSA01 and WCSA02 13 Aug 2003,1,,Bernalillo-day,1,,YLA 2004,Y,L,A,2004,203.2,193.6,,,,
3-Nov-04,11,yellow,left,anal,433,FRO,Abq,"CSSA03,WCSA03","Natural spawn of CSSA01 and WCSA02, wild caught at San Acacia 2003 16 June 2003",1,,Bernalillo-day,1,,YLA 2004,Y,L,A,2004,203.2,193.6,,,,
3-Nov-04,11,red,left,anal,2638,FRO,Abq,"CSSA03(natural),CSSA03(cpe),WCSA03",,1,,Sandia-float-day,1,,RLA 2004,R,L,A,2004,204,193.6,,,,
3-Nov-04,11,red,left,anal,715,FRO,Abq,"ABP04-006,010",Wild caught as eggs in 2003 or faster growing CSSA03,1,,Sandia-float-day,1,,RLA 2004,R,L,A,2004,204,193.6,,,,
3-Nov-04,11,red,left,anal,357,FRO,Abq,CSSA03,Captive spawn 13 Aug 2003 ,1,,Sandia-float-day,1,,RLA 2004,R,L,A,2004,204,193.6,,,,
3-Nov-04,11,red,left,anal,2792,FRO,Abq,"ABP04-011,012,WCSA01,WCSA02,CSSA03 (natural), WCSA03","ABP04-011,012 wild caught as eggs, adults in 2002",2,,Sandia-float-day,1,,RLA 2004,R,L,A,2004,204,193.6,,,,
5-Nov-04,11,orange,right,anal,7845,FRO,Dexter,,,,50,Bernalillo-night,1,,ORA 2004,O,R,A,2004,203.2,193.6,,,,
5-Nov-04,11,green,right,anal,6956,FRO,Dexter,,,,50,Sandia-float-night,1,,GRA 2004,G,R,A,2004,204,193.6,,,,
5-Nov-04,11,orange,left,anal,3245,FRO,Abq,ABP04-007,Wild caught as eggs in 2003,1,,Bernalillo-night,1,,OLA 2004,O,L,A,2004,203.2,193.6,,,,
5-Nov-04,11,orange,left,anal,834,FRO,Abq,"ABP04-001,002,015","Wild caught as eggs from Dexter, adults from Dexter, from raceway WCSA01/WCSA02/CSSA03/WCSA03",,,Bernalillo-night,1,,OLA 2004,O,L,A,2004,203.2,193.6,,,,
5-Nov-04,11,orange,left,anal,1986,FRO,Abq,"ABP04-011,012,WCSA01,WCSA02,CSSA03 (natural), WCSA03","ABP04-011,012 wild caught as eggs, adults in 2002",2,,Bernalillo-night,1,,OLA 2004,O,L,A,2004,203.2,193.6,,,,
5-Nov-04,11,green,left,anal,4777,FRO,Abq,"ABP04-006, 010",Wild caught as eggs in 2003 or faster growing CSSAO3 from natural spawn,0,,Sandia-float-night,1,"56,651",GLA 2004,G,L,A,2004,204,193.6,,,,
5-Nov-04,11,green,left,anal,773,FRO,Abq,CSSA03,Captive spawn 13 Aug 2003 ,1,,Sandia-float-night,1,,GLA 2004,G,L,A,2004,204,193.6,,,,
5-Nov-04,11,green,left,anal,297,FRO,Abq,"CSSA03 (hormone free), CSSA03 (cpe),WCSA03",,1,,Sandia-float-night,1,,GLA 2004,G,L,A,2004,204,193.6,,,,
5-Nov-04,11,green,left,anal,1032,FRO,Abq,"APB04-011,012,WCSA01,WCSA02,WCSA03,CSSA03(natural)","ABP04-011,012 wild caught as eggs, adults in 2002",,,Sandia-float-night,1,,GLA 2004,G,L,A,2004,204,193.6,,,,
9-Nov-04,11,yellow,left,predorsal,1318,ABQ,Abq,CSSA03,Captive spawn 13 Aug 2003 ,1,,Central bridge,1,not part of protocol study,YLD 2004,Y,L,D,2004,182.8,182.8,,,,
5-Jan-05,1,yellow,left,predorsal,4349,ABQ,Abq,"ABP04-011,012,WCSA01,WCSA02,CSSA03 (natural), WCSA03","ABP04-011,012 wild caught as eggs, adults in 2002",2,,Central bridge,1,,YLD 2005,Y,L,D,2005,182.8,182.8,,,,
5-Jan-05,1,yellow,left,predorsal,475,FRO,LC,,,,,Rio Bravo,1,not part of protocol study,YLD 2005,Y,L,D,2005,177.9,177.9,,,,
5-Jan-05,1,orange,right,predorsal,1540,FRO,FRO,,,,,Rio Bravo,1,not part of protocol study,ORD 2005,O,R,D,2005,177.9,177.9,,,,
12-Apr-05,4,white,right,anal,802,FRO,Abq,"ABP04-004, ABP04-008",Captive spawn of adults that were wild caught as eggs in 2002 in SA reach,1,,Sandia-float-day,1,,WRA 2005,W,R,A,2005,204,193.6,,,,
12-Apr-05,4,white,right,anal,3858,FRO,Abq,"ABP04-006, 010, 016, 022","Miscellaneous adults from Dexter, B13, WCSA03, CSSA03 (hormone free), wild caught of eggs in 2003, or faster growing CSSAO3 from natural spawn",2,,Sandia-float-day,1,,WRA 2005,W,R,A,2005,204,193.6,,,,
12-Apr-05,4,white,right,anal,143,FRO,Abq,"ABP04-013,020",Wild caught as eggs in 2002- ABP04-020 reared at Dexter,3,,Sandia-float-day,1,,WRA 2005,W,R,A,2005,204,193.6,,,,
12-Apr-05,4,white,right,anal,197,FRO,Abq,APB04-003,Wild caught as eggs in 2002 some were CSSA03 naturally spawned in raceway,3,,Sandia-float-day,1,,WRA 2005,W,R,A,2005,204,193.6,,,,
12-Apr-05,4,purple,right,anal,4258,FRO,Abq,"APB04-006,010,016,022","Miscellaneous adults from Dexter, B13, WCSA03, CSSA03 (hormone free), wild caught of eggs in 2003, or faster growing CSSAO3 from natural spawn",2,,Bernalillo-day,1,,PRA 2005,P,R,A,2005,203.2,193.6,,,,
12-Apr-05,4,purple,right,anal,742,FRO,Abq,"APB04-013,020",Wild caught as eggs in 2002- ABP04-020 reared at Dexter,3-Jan,,Bernalillo-day,1,,PRA 2005,P,R,A,2005,203.2,193.6,,,,
12-Apr-05,4,white,left,anal,11080,FRO,Dexter,,,,,Sandia-float-day,1,,WLA 2005,W,L,A,2005,204,193.6,,,,
12-Apr-05,4,purple,left,anal,8800,FRO,Dexter,,,,,Bernalillo-day,1,,PLA 2005,P,L,A,2005,203.2,193.6,,,,
13-Apr-05,4,pink,right,anal,500,FRO,Abq,APB04-003,Wild caught as eggs in 2002 some were CSSA03 naturally spawned in raceway,3,,Sandia-truck-night,1,,PRA 2005,P,R,A,2005,193.6,193.6,,,,
13-Apr-05,4,pink,right,anal,1940,FRO,Abq,"APB04-004,008",Captive spawn of adults that were wild caught as eggs in 2002 in SA reach,3,,Sandia-truck-night,1,,PRA 2005,P,R,A,2005,193.6,193.6,,,,
13-Apr-05,4,pink,right,anal,1088,FRO,Abq,"APB04-006,010,016,022","Miscellaneous adults from Dexter, B13, WCSA03, CSSA03 (hormone free), wild caught of eggs in 2003, or faster growing CSSAO3 from natural spawn",2,,Sandia-truck-night,1,,PRA 2005,P,R,A,2005,193.6,193.6,,,,
13-Apr-05,4,pink,right,anal,672,FRO,Abq,"APB04-013,020",Wild caught as eggs in 2002- ABP04-020 reared at Dexter,3,,Sandia-truck-night,1,,PRA 2005,P,R,A,2005,193.6,193.6,,,,
13-Apr-05,4,pink,right,anal,1454,FRO,Abq,"CSSA03,CSSA04?",,,,Sandia-truck-night,1,,PRA 2005,P,R,A,2005,193.6,193.6,,,,
13-Apr-05,4,blue,right,anal,4549,FRO,Abq,"ABP04-004,008",Captive spawn of adults that were wild caught as eggs in 2002 in SA reach,1,,Bernalillo-night,1,,BRA 2005,B,R,A,2005,203.2,193.6,,,,
13-Apr-05,4,blue,right,anal,462,FRO,Abq,"ABP04-013,020",Wild caught as eggs in 2002- ABP04-020 reared at Dexter,3,,Bernalillo-night,1,,BRA 2005,B,R,A,2005,203.2,193.6,,,,
13-Apr-05,4,pink,left,anal,10026,FRO,Dexter,,,,,Sandia-truck-night,1,,PLA 2005,P,L,A,2005,193.6,193.6,,,,
13-Apr-05,4,blue,left,anal,10242,FRO,Dexter,,,,,Bernalillo-night,1,"60,813",BLA 2005,B,L,A,2005,203.2,193.6,,,,
26-May-05,5,green,left,dorsal,6638,FRO,Abq,"APB04-001,002,005,007,009,014,015,018,021","Wild caught as eggs in 2002 from San Acacia or Dexter.  Some adults wild caught from Dexter.  ABP04-015 all fish from raceway, WCSA01/WCSA02/CSSA03/WCSA03",2,,Rio Bravo,1,not part of protocol study,GLD 2005,G,L,D,2005,177.9,177.9,,,,
26-May-05,5,green,left,dorsal,3719,FRO,Abq,"APB04-006,010,016,022","Miscellaneous adults from Dexter, B13, WCSA03, CSSA03 (hormone free), wild caught of eggs in 2003, or faster growing CSSAO3 from natural spawn",2,,Rio Bravo,1,,GLD 2005,G,L,D,2005,177.9,177.9,,,,
5-Jul-05,7,orange,right,predorsal,227,ABQ,Abq,DXWC02?,"Wild caught as eggs in 2002, received from Dexter on 31 March 2005",3,,Bridge street,1,P. Domenici ,ORD 2005,O,R,D,2005,181,181,,,,
5-Jul-05,7,orange,left,predorsal,21,ABQ,Abq,"CSSA03,WCSA03",,,,Bridge street,1,P. Domenici,OLD 2005,O,L,D,2005,181,181,,,,
12-Sep-05,9,orange,right,predorsal,20000,FRO,Dexter,,,1-1.5,50,Bernalillo,1,not part of protocol study,ORD 2005,O,R,D,2005,203.2,203.2,,,,
7-Nov-05,11,white,left,predorsal,21000,FRO,Dexter,,,,50,Lemitar-Socorro,1,,WLD 2005,W,L,D,2005,107.7,100.3,,,,
7-Nov-05,11,purple,left,predorsal,28986,FRO,Dexter,,,,50,Bernardo,1,,PLD 2005,P,L,D,2005,131.1,131.1,,,,
7-Nov-05,11,pink,left,predorsal,25642,FRO,Dexter,,,,50,Socorro,1,,PLD 2005,P,L,D,2005,101.6,101.6,,,,
7-Nov-05,11,blue,left,predorsal,25436,FRO,Dexter,,Wild caught as eggs in 2002 from Dexter,3,50,Bernardo - Rio Puerco,1,"25,436",BLD 2005,B,L,D,2005,131.4,127.9,,,,
8-Nov-05,11,white,right,predorsal,5812,FRO,Abq,"LC05-003,ABP04-004,008,013,020","ABP04-004,008,013, 020 wild caught from 2002 at San Acacia and Dexter",3,,Bernalillo-Montano,1,,WRD 2005,W,R,D,2005,203,187.2,,,,
8-Nov-05,11,white,right,predorsal,6968,FRO,Abq,"ABP05-002,003,004",Wild caught as eggs in 2002 from Dexter,3,,Bernalillo-Montano,1,,WRD 2005,W,R,D,2005,203,187.2,,,,
8-Nov-05,11,white,right,predorsal,2073,FRO,Abq,"ABP05-007,008,009,010",From WCSA03/CSSA03,,,Bernalillo-Montano,1,,WRD 2005,W,R,D,2005,203,187.2,,,,
8-Nov-05,11,purple,right,predorsal,7693,FRO,Abq,LC05-004,,,,Bridge street,1,,PRD 2005,P,R,D,2005,181,181,,,,
8-Nov-05,11,purple,right,predorsal,6228,FRO,Abq,"LC05-003,ABP04-004,008,013,020","ABP04-004,008,013, 020 wild caught in 2002 at San Acacia and Dexter",3,,Bridge street,1,,PRD 2005,P,R,D,2005,181,181,,,,
8-Nov-05,11,pink,right,predorsal,3765,FRO,Abq,LC05-003,,,,Bernalillo,1,,PRD 2005,P,R,D,2005,203.2,203.2,,,,
8-Nov-05,11,pink,right,predorsal,5677,FRO,Abq,LC04-004,,,,Bernalillo,1,,PRD 2005,P,R,D,2005,203.2,203.2,,,,
8-Nov-05,11,pink,right,predorsal,5733,FRO,Abq,"LC05-003,ABP04-004,008,013,020","ABP04-004,008,013, 020 wild caught in 2002 at San Acacia and Dexter",3,,Bernalillo,1,,PRD 2005,P,R,D,2005,203.2,203.2,,,,
8-Nov-05,11,blue,right,predorsal,8741,FRO,Abq,LC05-004,,,,Bridge - Los Padillas,1,,BRD 2005,B,R,D,2005,181,173.7,,,,
8-Nov-05,11,blue,right,predorsal,1037,FRO,Abq,LC05-003,,,,Bridge - Los Padillas,1,,BRD 2005,B,R,D,2005,181,173.7,,,,
8-Nov-05,11,blue,right,predorsal,2739,FRO,Abq,"LC05-003,ABP04-004,008,013,020","ABP04-004,008,013, 020 wild caught in 2002 at San Acacia and Dexter",3,,Bridge - Los Padillas,1,,BRD 2005,B,R,D,2005,181,173.7,,,,
8-Nov-05,11,blue,right,predorsal,1568,FRO,Abq,"WCSA03,CSSA03",,,,Bridge - Los Padillas,1,,BRD 2005,B,R,D,2005,181,173.7,,,,
8-Nov-05,11,blue,right,predorsal,2197,FRO,Abq,"ABP05-007,008,009,010",From WCSA03/CSSA03,,,Bridge - Los Padillas,1,,BRD 2005,B,R,D,2005,181,173.7,,,,
18-Apr-06,4,red,right,predorsal,10209,FRO,Abq,"ABP05-001,005",ABP05-001 Wild caught as eggs in 2002; ABP05-005 Wild caught in 2002 Dexter.,4,,Bridge street,1,,RRD 2006,R,R,D,2006,181,181,,,,
18-Apr-06,4,red,right,predorsal,9534,FRO,Abq,"ABP05-007,008,009,010",From WCSA03/CSSA03,,,Bridge street,1,,RRD 2006,R,R,D,2006,181,181,,,,
18-Apr-06,4,red,right,predorsal,4662,FRO,Abq,LC05-003,,,,Bridge street,1,,RRD 2006,R,R,D,2006,181,181,,,,
18-Apr-06,4,green,right,predorsal,14143,FRO,Abq,"APB05-002,003",Wild caught as eggs in 2002 from Dexter,4,,Bernalillo,1,,GRD 2006,G,R,D,2006,203.2,203.2,,,,
18-Apr-06,4,green,right,predorsal,4520,FRO,Abq,"APB05-007,008,009,010",From WCSA03/CSSA03,,,Bernalillo,1,,GRD 2006,G,R,D,2006,203.2,203.2,,,,
18-Apr-06,4,green,right,predorsal,4242,FRO,Abq,LC05-003,,,,Bernalillo,1,,GRD 2006,G,R,D,2006,203.2,203.2,,,,
18-Apr-06,4,orange,right,predorsal,30117,FRO,Dexter,,,,50,Sadd,1,,ORD 2006,O,R,D,2006,115.6,115.6,,,,
18-Apr-06,4,yellow,right,predorsal,30893,FRO,Dexter,,,,50,Rio Puerco Confluence,1,"108,320",YRD 2006,Y,R,D,2006,127.9,127.9,,,,
21-Sep-06,9,red,left,predorsal,25367,FRO,Abq,"ABP05-011,012,014",ABP05-011: B1 (ABP04-004/008/013/020)Wild caught as eggs in 2002 at San Acacia and Dexter; ABP05-012:  Wild caught as eggs in 2002 from Dexter; ABP05-014:  CSSA03/WCSA03,4,,Bridge street,1,,RLD 2006,R,L,D,2006,181,181,,,,
21-Sep-06,9,red,left,predorsal,18474,FRO,Abq,"ABP05-013,014",CSSA03/WCSA03,,,Bridge street,1,,RLD 2006,R,L,D,2006,181,181,,,,
21-Sep-06,9,green,left,predorsal,28227,FRO,Abq,"ABP05-011,012,014",ABP05-011: B1 (ABP04-004/008/013/020)Wild caught as eggs in 2002 at San Acacia and Dexter; ABP05-012:  Wild caught as eggs in 2002 from Dexter; ABP05-014:  CSSA03/WCSA03,4,,Bernalillo,1,"341,683",GLD 2006,G,L,D,2006,203.2,203.2,,,,
21-Sep-06,9,green,left,predorsal,8246,FRO,Abq,"ABP05-013,014",CSSA03/WCSA03,1,,Bernalillo,1,,GLD 2006,G,L,D,2006,203.2,203.2,,,,
21-Sep-06,9,green,left,predorsal,7693,FRO,Abq,ABP05-016,Unknown,,,Bernalillo,1,,GLD 2006,G,L,D,2006,203.2,203.2,,,,
21-Sep-06,9,green,left,predorsal,162,FRO,Abq,ABP06-001,,,,Bernalillo,1,,GLD 2006,G,L,D,2006,203.2,203.2,,,,
21-Sep-06,9,green,left,predorsal,60,FRO,Abq,ABP06-018,ABP06-001 w/WC02 Dexter,4-Jan,,Bernalillo,1,,GLD 2006,G,L,D,2006,203.2,203.2,,,,
13-Oct-06,10,,none,,51158,FRO,Dexter,,,,,San Marcial,1,*dexter surplus,2006,,,,2006,67.5,67.5,,,,
16-Oct-06,10,orange,left,predorsal,30349,FRO,Dexter,,,,40,SADD,1,,OLD 2006,O,L,D,2006,115.6,115.6,,,,
16-Oct-06,10,yellow,left,predorsal,30385,FRO,Dexter,,,,40,Rio Puerco Confluence,1,"174,754",YLD 2006,Y,L,D,2006,127.9,127.9,,,,
3-Nov-06,11,,none,,2500,FRO,Dexter,,,,,San Marcial,1,*abq surplus,2006,,,,2006,67.5,67.5,,,,
21-Nov-06,11,,none,,107910,FRO,Dexter,,,,40,San Marcial,1,*dexter surplus,2006,,,,2006,67.5,67.5,,,,
29-May-07,5,pink,right,predorsal,370,FRO,Dexter,DX05,Wild caught as eggs,2,100,Bridge street,1,,PRD 2007,P,R,D,2007,181,181,,,,
29-May-07,5,pink,right,predorsal,10148,FRO,Dexter,DX06,Captive spawn,1,62,Bridge street,1,*millionth minnow release,PRD 2007,P,R,D,2007,181,181,,,,
29-May-07,5,pink,right,predorsal,5938,FRO,Abq,"ABP06-005,006,007,008,009,010,011,012,013",Wild caught as eggs from 380 bridge,1,,Bridge street,1,* millionth minnow release,PRD 2007,P,R,D,2007,181,181,,,,
29-May-07,5,pink,right,predorsal,4732,FRO,Abq,ABP06-015,Captive spawn,1,,Bridge street,1,,PRD 2007,P,R,D,2007,181,181,,,,
31-May-07,5,,none,,17000,FRO,Abq,ABP06-013,Wild caught as eggs from 380 bridge,1,,Bridge street,1,*abq surplus,2007,,,,2007,181,181,,,,
9-Oct-07,10,pink,left,predorsal,44328,FRO,Dexter,DX06,Captive spawn,1,62,Bernardo-Brown's arroyo,1,"split equally between sites, soft-release",PLD 2007,P,L,D,2007,131.4,95.8,,,,
25-Oct-07,10,pink,left,predorsal,16031,FRO,Abq,"ABP05-011,012,014",Captive spawn,2,,1.5 mi below SADD,1,,PLD 2007,P,L,D,2007,114.2,114.2,,,,
25-Oct-07,10,pink,left,predorsal,4607,FRO,Abq,ABP06-015,Captive spawn,1,,1.5 mi below SADD,1,,PLD 2007,P,L,D,2007,114.2,114.2,,,,
3-Dec-07,12,pink,left,predorsal,30000,FRO,Dexter,DX07,Captive spawn,,40,1.5 mi below SADD,1,,PLD 2007,P,L,D,2007,114.2,114.2,,,,
12-Nov-09,11,yellow,left,predorsal,21218,FRO,Abq,"ABP07-006,008,017; ABP08-003,004,005,006","APB07-006,008:  Wild caught B14 (ABP06-014) ; ABP07-017 wild; ABP08-003,005,006:  B1 (ABP07-001,002,003,004); ABP08-004:  Wild caught B6 (ABP07-017)",2-Jan,,Mid-BDANWR,1,soft release overnight,YLD 2009,Y,L,D,2009,80.4,80.4,,,,
4-Nov-10,11,orange,right,predorsal,12437,Abq,Abq,ABP10-004,"Captive spawn of ABP09-004/ABP08-008,009,012,013",0,45,Jarales Bridge,1,soft release ,ORD 2010,O,R,D,2010,141.3,141.3,,,,
4-Nov-10,11,orange,right,predorsal,5146,FRO,Abq,ABP10-004,"Captive spawn of ABP09-004/ABP08-008,009,012,013",0,45,La Joya,1,soft release ,ORD 2010,O,R,D,2010,131.1,131.1,,,,
4-Nov-10,11,orange,right,predorsal,5715,FRO,Los Lunas,DX10CS-02,"DX05WEFO, DX06WEFO",0,49,La Joya,1,soft release ,ORD 2010,O,R,D,2010,131.1,131.1,,,,
4-Nov-10,11,orange,right,predorsal,1761,Abq,Abq,ABP10-005,Captive Spawn of mixed group (see lot# info),0,43,Jarales Bridge,1,soft release ,ORD 2010,O,R,D,2010,141.3,141.3,,,,
4-Nov-10,11,orange,right,predorsal,728,FRO,Abq,ABP10-005,Captive Spawn of mixed group (see lot# info),0,43,La Joya,1,soft release ,ORD 2010,O,R,D,2010,131.1,131.1,,,,
4-Nov-10,11,orange,right,predorsal,5802,Abq,Abq,"ABP06-002,003,004,014,016/ABP07-001,002,003,004/ABP08-002,003,007",mixed group (see lot# info),4-Feb,57,Jarales Bridge,1,soft release ,ORD 2010,O,R,D,2010,141.3,141.3,,,,
4-Nov-10,11,orange,right,predorsal,2401,FRO,Abq,"ABP06-002,003,004,014,016/ABP07-001,002,003,004/ABP08-002,003,007",mixed group (see lot# info),4-Feb,57,La Joya,1,soft release ,ORD 2010,O,R,D,2010,131.1,131.1,,,,
15-Nov-10,11,orange,right,predorsal,10000,FRO,Dexter,DX10CS,Pond 8B,0,52,Bernardo,1,soft release ,ORD 2010,O,R,D,2010,131.1,131.1,,,,
15-Nov-10,11,orange,right,predorsal,10000,FRO,Dexter,DX10CS,Pond 8B,0,52,Above SADD,1,soft release ,ORD 2010,O,R,D,2010,117.8,117.8,,,,
15-Nov-10,11,orange,right,predorsal,22000,FRO,Dexter,DX10CS,Pond 8B,0,52,1.5 mi below SADD,1,soft release ,ORD 2010,O,R,D,2010,114.2,114.2,,,,
16-Nov-10,11,orange,right,predorsal,30000,FRO,Dexter,DX10CS,Pond 8B,0,52,Mid-BDANWR,1,soft release ,ORD 2010,O,R,D,2010,80.4,80.4,,,,
16-Nov-10,11,orange,right,predorsal,20000,FRO,Dexter,DX10CS,Pond 8B,0,52,San Marcial,1,soft release ,ORD 2010,O,R,D,2010,67.5,67.5,,,,
16-Nov-10,11,orange,right,predorsal,10000,FRO,Dexter,DX10CS,Pond 8B,0,52,8 mi below San Marcial,1,soft release ,ORD 2010,O,R,D,2010,58.5,58.5,,,,
11-Mar-11,3,green,right,predorsal,3756,FRO,Dexter,DX09CS,Pond 24D,2,80,1.5 mi below SADD,1,"soft release, remaining fish from PIT tagging",GRD 2011,G,R,D,2011,114.2,114.2,,,,
14-Nov-11,11,red,right,predorsal,3000,FRO,LLSMR,DX11CS-04,Pond 20,0,40,Neil Cupp,1,soft release,RRD 2011,R,R,D,2011,92.2,92.2,,,,
14-Nov-11,11,red,right,predorsal,9000,FRO,Abq,"ABP11-001,002,003,004",mixed group (see lot# info),0,40,Neil Cupp,1,soft release,RRD 2011,R,R,D,2011,92.2,92.2,,,,
14-Nov-11,11,red,right,predorsal,43000,FRO,Abq,"ABP11-001,002,003,004",mixed group (see lot# info),0,40,1.5 mi below SADD,1,soft release,RRD 2011,R,R,D,2011,114.2,114.2,,,,
16-Nov-11,11,red,right,predorsal,20919,FRO,Dexter,DX11CS,,0,55,San Antonio,1,soft release at north boundary BDANWR,RRD 2011,R,R,D,2011,89.7,89.7,,,,
16-Nov-11,11,red,right,predorsal,10000,FRO,Dexter,DX11CS,,0,55,SADD,1,soft release,RRD 2011,R,R,D,2011,115.6,115.6,,,,
16-Nov-11,11,red,right,predorsal,15047,FRO,Dexter,DX11CS,,0,55,Socorro,1,soft release,RRD 2011,R,R,D,2011,101.6,101.6,,,,
16-Nov-11,11,red,right,predorsal,23213,FRO,Dexter,DX11CS,,0,55,Mid-BDANWR,1,soft release,RRD 2011,R,R,D,2011,80.4,80.4,,,,
16-Nov-11,11,red,right,predorsal,19341,FRO,Dexter,DX11CS,,0,55,10 miles below SMRRXG,1,soft release,RRD 2011,R,R,D,2011,56.3,56.3,,,,
16-Nov-11,11,yellow,right,predorsal,10000,FRO,Dexter,DX11CS,,0,60,Bernardo,1,soft release,YRD 2011,Y,R,D,2011,131.1,131.1,,,,
16-Nov-11,11,yellow,right,predorsal,26000,FRO,Dexter,DX11CS,,0,60,La Joya,1,soft release,YRD 2011,Y,R,D,2011,131.1,131.1,,,,
16-Nov-11,11,yellow,right,predorsal,11318,FRO,Dexter,DX11CS,,0,60,Above SADD,1,soft release,YRD 2011,Y,R,D,2011,117.8,117.8,,,,
3-Nov-12,11,pink ,left,predorsal,30270,FRO,Dexter,DX12CS,,0,55,Los Lunas,1,hard release,PLD 2012,P,L,D,2012,161.5,161.5,,,,
3-Nov-12,11,pink ,left,predorsal,31000,FRO,Dexter,DX12CS,,0,55,Jarales Bridge,1,soft release,PLD 2012,P,L,D,2012,141.3,141.3,,,,
3-Nov-12,11,yellow,left,predorsal,8000,FRO,Dexter,DX12CS,,0,58,SADD,1,soft release,YLD 2012,Y,L,D,2012,115.6,115.6,,,,
3-Nov-12,11,yellow,left,predorsal,34000,FRO,Dexter,DX12CS,,0,58,1.5 mi below SADD,1,hard release,YLD 2012,Y,L,D,2012,114.2,114.2,,,,
5-Nov-12,11,pink,left,predorsal,1046,FRO,LLSMR,LLSMR-2012,,0,60,Los Lunas,1,hard release,PLD 2012,P,L,D,2012,161.5,161.5,,,,
6-Nov-12,11,pink,left,predorsal,21000,FRO,Dexter,DX12CS,,0,55,Belen,1,hard release,PLD 2012,P,L,D,2012,149.9,149.9,,,,
6-Nov-12,11,pink ,left,predorsal,10000,FRO,Dexter,DX12CS,,0,55,Bernardo,1,hard release,PLD 2012,P,L,D,2012,131.1,131.1,,,,
6-Nov-12,11,pink ,left,predorsal,10000,FRO,Dexter,DX12CS,,0,55,Above SADD,1,hard release,PLD 2012,P,L,D,2012,117.8,117.8,,,,
7-Nov-12,11,pink,left,predorsal,27241,Abq,Abq,"ABP08-008,009,012,013/ABP09-004 (wild caught as eggs),ABP12-008 (captive spawn),ABP12-009(captive spawn),ABP10-002,006,008,009 (wild caught),ABP12-001 (captive spawn)",mixed group (see lot# info),0,,La Joya,1,hard release,PLD 2012,P,L,D,2012,131.1,131.1,,,,
7-Nov-12,11,yellow,left,predorsal,14000,FRO,Dexter,DX12CS,,0,55,San Marcial,1,hard release,YLD 2012,Y,L,D,2012,67.5,67.5,,,,
7-Nov-12,11,yellow,left,predorsal,8000,FRO,Dexter,DX12CS,,0,55,8 mi below San Marcial,1,hard release,YLD 2012,Y,L,D,2012,58.5,58.5,,,,
7-Nov-12,11,yellow,left,predorsal,12000,FRO,Dexter,DX12CS,,0,55,10 miles below SMRRXG,1,hard release,YLD 2012,Y,L,D,2012,56.3,56.3,,,,
7-Nov-12,11,yellow,left,predorsal,18000,FRO,Dexter,DX12CS,,0,48,North Boundary BDANWR,1,hard release,YLD 2012,Y,L,D,2012,86.5,86.5,,,,
7-Nov-12,11,yellow,left,predorsal,10000,FRO,Dexter,DX12CS,,0,55,Neil Cupp,1,hard release,YLD 2012,Y,L,D,2012,92.2,92.2,,,,
16-Nov-12,11,yellow,left,predorsal,17000,FRO,Dexter,DX12CS,,0,40,Socorro,1,hard release,YLD 2012,Y,L,D,2012,101.6,101.6,,,,
16-Nov-12,11,yellow,left,predorsal,23000,FRO,Dexter,DX12CS,,0,54,Mid-BDANWR,1,hard release,YLD 2012,Y,L,D,2012,80.4,80.4,,,,
27-Mar-13,3,green/red,right,predorsal,142,FRO,LLSMR,,LLSMR,0,,North Boundary BDANWR,1,"hard release, green marked over pink, christmas color, brood stock",RGRD 2013,G,R,D,2013,86.5,86.5,,,,
11-Oct-13,10,pink ,right,predorsal,40000,FRO,Dexter,DX13CS,,0,55,Alameda Bridge,1,hard release,PRD 2013,P,R,D,2013,191.1,191.1,,,,
11-Oct-13,10,pink ,right,predorsal,41350,FRO,Dexter,DX13CS,,0,55,Bridge Street,1,hard release,PRD 2013,P,R,D,2013,181,181,,,,
1-Nov-13,11,pink ,right,predorsal,12500,FRO,Dexter,DX13CS,,0,55,Sandia Pueblo,1,hard release,PRD 2013,P,R,D,2013,197.8,197.8,,,,
13-Nov-13,11,pink ,right,predorsal,30000,FRO,Dexter,DX13CS,,0,55,Santa Ana Pueblo,1,hard release,PRD 2013,P,R,D,2013,207.3,207.3,,,,
13-Nov-13,11,pink ,right,predorsal,20000,FRO,Dexter,DX13CS,,0,60,Los Lunas,1,hard release,PRD 2013,P,R,D,2013,161.5,161.5,,,,
13-Nov-13,11,green,right,predorsal,77,FRO,LLSMR,,LLSMR,0,73,Los Lunas,1,hard release,GRD 2013,G,R,D,2013,161.5,161.5,,,,
13-Nov-13,11,pink,right,predorsal,20000,FRO,Dexter,DX13CS,,0,60,Peralta Wasteway Outfall,1,hard release,PRD 2013,P,R,D,2013,152.7,152.7,,,,
13-Nov-13,11,pink,right,predorsal,20000,FRO,Dexter,DX13CS,,0,60,Sabinal Drain Outfall,1,hard release,PRD 2013,P,R,D,2013,138.3,138.3,,,,
13-Nov-13,11,pink,right,predorsal,5000,FRO,Dexter,DX13CS,,0,60,Bernardo,1,hard release,PRD 2013,P,R,D,2013,131.1,131.1,,,,
13-Nov-13,11,pink,right,predorsal,9000,FRO,Dexter,DX13CS,,0,60,Rio Puerco Confluence,1,hard release,PRD 2013,P,R,D,2013,127.9,127.9,,,,
20-Nov-13,11,pink,right,predorsal,15000,FRO,Dexter,DX13CS,,0,55,Jarales Bridge,1,hard release,PRD 2013,P,R,D,2013,141.3,141.3,,,,
20-Nov-13,11,pink,right,predorsal,15000,FRO,Dexter,DX13CS,,0,55,SADD,1,hard release,PRD 2013,P,R,D,2013,115.6,115.6,,,,
20-Nov-13,11,pink,right,predorsal,15000,FRO,Dexter,DX13CS,,0,55,Socorro,1,hard release,PRD 2013,P,R,D,2013,101.6,101.6,,,,
25-Nov-13,11,pink,right,predorsal,12500,FRO,Dexter,DX13CS,,0,60,Brown's Arroyo,1,hard release,PRD 2013,P,R,D,2013,95.7,95.7,,,,
25-Nov-13,11,pink,right,predorsal,12500,FRO,Dexter,DX13CS,,0,60,North Boundary BDANWR,1,hard release,PRD 2013,P,R,D,2013,86.5,86.5,,,,
25-Nov-13,11,pink,right,predorsal,12500,FRO,Dexter,DX13CS,,0,60,Mid-BDANWR,1,hard release,PRD 2013,P,R,D,2013,80.4,80.4,,,,
25-Nov-13,11,pink,right,predorsal,12500,FRO,Dexter,DX13CS,,0,60,San Marcial,1,hard release,PRD 2013,P,R,D,2013,67.5,67.5,,,,
9-Oct-14,10,yellow,left,predorsal,40325,FRO,Dexter,DX14CS,,0,55,Santa Ana Pueblo,1,hard release,YLD 2014,Y,L,D,2014,207.3,207.3,,,,
9-Oct-14,10,yellow,left,predorsal,40325,FRO,Dexter,DX14CS,,0,55,Sandia Pueblo,1,hard release,YLD 2014,Y,L,D,2014,197.8,197.8,,,,
9-Oct-14,10,green,left,predorsal,4305,FRO,LLSMR,DX14CS,captive spawn,0,,Alameda Bridge,1,"hard release, 100 used in cage survival study",GLD 2014,G,L,D,2014,191.1,191.1,,,,
9-Oct-14,10,white,left,predorsal,1222,FRO,Abq,ABP14-004,captive spawn,0,,Alameda Bridge,1,"hard release, 100 used in cage survival study",WLD 2014,W,L,D,2014,191.1,191.1,,,,
10-Nov-14,11,green,left,predorsal,5513,FRO,LLSMR,DX14CS,captive spawn,0,,Los Lunas,1,hard release,GLD 2014,G,L,D,2014,161.5,161.5,,,,
10-Nov-14,11,white,left,predorsal,24245,FRO,Abq,ABP14-004,captive spawn,0,,Jarales Bridge,1,hard release,WLD 2014,W,L,D,2014,141.3,141.3,,,,
10-Nov-14,11,yellow,left,predorsal,22000,FRO,Dexter,DX14CS,captive spawn,0,56,Sabinal Drain Outfall,1,hard release,YLD 2014,Y,L,D,2014,138.3,138.3,,,,
10-Nov-14,11,yellow,left,predorsal,21356,FRO,Dexter,DX14CS,captive spawn,0,56,Peralta Wasteway Outfall,1,hard release,YLD 2014,Y,L,D,2014,152.7,152.7,,,,
10-Nov-14,11,yellow,left,predorsal,15000,FRO,Dexter,DX14CS,captive spawn,0,56,Escondida,1,hard release,YLD 2014,Y,L,D,2014,104.8,104.8,,,,
10-Nov-14,11,yellow,left,predorsal,15000,FRO,Dexter,DX14CS,captive spawn,0,56,Socorro,1,hard release,YLD 2014,Y,L,D,2014,101.6,101.6,,,,
10-Nov-14,11,yellow,left,predorsal,15000,FRO,Dexter,DX14CS,captive spawn,0,56,Brown's Arroyo,1,hard release,YLD 2014,Y,L,D,2014,95.7,95.7,,,,
10-Nov-14,11,yellow,left,predorsal,16797,FRO,Dexter,DX14CS,captive spawn,0,56,North Boundary BDANWR,1,hard release,YLD 2014,Y,L,D,2014,86.5,86.5,,,,
10-Nov-14,11,yellow,left,predorsal,15000,FRO,Dexter,DX14CS,captive spawn,0,56,San Marcial,1,hard release,YLD 2014,Y,L,D,2014,67.5,67.5,,,,
24-Nov-14,11,yellow,left,predorsal,5000,FRO,Dexter,DX14CS,captive spawn,0,56,Sabinal Drain Outfall,1,hard release,YLD 2014,Y,L,D,2014,138.3,138.3,,,,
24-Nov-14,11,yellow,left,predorsal,27230,FRO,Dexter,DX14CS,captive spawn,0,56,RGSM Sanctuary,1,hard release,YLD 2014,Y,L,D,2014,179.7,179.7,,,,
19-Oct-15,10,orange,right,predorsal,15000,FRO,Dexter,DX15CS,captive spawn,0,,Santa Ana Pueblo,1,hard release,ORD 2015,O,R,D,2015,207.3,207.3,,,,
19-Oct-15,10,orange,right,predorsal,15000,FRO,Dexter,DX15CS,captive spawn,0,,Sandia Pueblo,1,hard release,ORD 2015,O,R,D,2015,197.8,197.8,,,,
19-Oct-15,10,orange,right,predorsal,15000,FRO,Dexter,DX15CS,captive spawn,0,,Alameda Bridge,1,hard release,ORD 2015,O,R,D,2015,191.1,191.1,,,,
19-Oct-15,10,orange,right,predorsal,14357,FRO,Dexter,DX15CS,captive spawn,0,,RGSM Sanctuary,1,hard release,ORD 2015,O,R,D,2015,179.7,179.7,,,,
13-Nov-15,11,yellow,right,predorsal,8760,FRO,LLSMR,DX15CS,captive spawn,0,,Los Lunas,1,hard release,YRD 2015,Y,R,D,2015,161.5,161.5,,,,
13-Nov-15,11,white,right,predorsal,21311,FRO,Abq,ABP15-001,captive spawn,0,,Bernardo,1,hard release,WRD 2015,W,R,D,2015,131.1,131.1,,,,
13-Nov-15,11,white,right,predorsal,2321,FRO,Abq,ABP12-004,captive spawn,0,,Sabinal Drain Outfall,1,hard release,WRD 2015,W,R,D,2015,138.3,138.3,,,,
13-Nov-15,11,white,right,predorsal,58,FRO,Abq,ABP14-003,captive spawn,0,,Sabinal Drain Outfall,1,hard release,WRD 2015,W,R,D,2015,138.3,138.3,,,,
13-Nov-15,11,white,right,predorsal,18621,FRO,Abq,ABP15-001,captive spawn,0,,Sabinal Drain Outfall,1,hard release,WRD 2015,W,R,D,2015,138.3,138.3,,,,
19-Nov-15,11,white,right,predorsal,22614,FRO,Abq,ABP15-001,captive spawn,0,,Escondida,1,hard release,WRD 2015,W,R,D,2015,104.8,104.8,,,,
20-Nov-15,11,white,right,predorsal,24529,FRO,Abq,ABP15-001,captive spawn,0,,1.5 mi below SADD,1,hard release,WRD 2015,W,R,D,2015,114.2,114.2,,,,
23-Nov-15,11,white,right,predorsal,4762,FRO,Abq,ABP15-001,captive spawn,0,,Escondida,1,hard release,WRD 2015,W,R,D,2015,104.8,104.8,,,,
23-Nov-15,11,orange,right,predorsal,19000,FRO,Dexter,DX15CS,captive spawn,0,62,North Boundary BDANWR,1,hard release,ORD 2015,O,R,D,2015,86.5,86.5,,,,
23-Nov-15,11,orange,right,predorsal,19216,FRO,Dexter,DX15CS,captive spawn,0,62,San Marcial,1,hard release,ORD 2015,O,R,D,2015,67.5,67.5,,,,
25-Apr-16,4,red,left,predorsal,3122,FRO,Dexter,WCDX-11/12,Wild caught ,3,,Alameda Bridge,1,hard release,RLD 2016,R,L,D,2016,191.1,191.1,Brood stock,,,
24-Oct-16,10,pink,left,predorsal,10880,FRO,Dexter,16SCDX,captive spawn,0,60,Santa Ana Pueblo,1,hard release,PLD 2016,P,L,D,2016,207.3,207.3,,,,
24-Oct-16,10,green,left,predorsal,10000,FRO,Abq,ABP16-003,captive spawn,0,,Santa Ana Pueblo,1,hard release,GLD 2016,G,L,D,2016,207.3,207.3,,,,
15-Nov-16,11,green,left,predorsal,1511,FRO,abq,ABP16-003/004,captive spawn,0,,South Boundary BdA,1,hard release,GLD 2016,G,L,D,2016,74,74,,,,
15-Nov-16,11,green,left,predorsal,29489,FRO,Abq,ABP16-003,captive spawn,0,,South Boundary BdA,1,hard release,GLD 2016,G,L,D,2016,74,74,,,,
17-Nov-16,11,green,left,predorsal,2000,FRO,Abq,ABP16-003,captive spawn,0,,Jarales Bridge,1,hard release,GLD 2016,G,L,D,2016,141.3,141.3,,,,
29-Nov-16,11,green,left,predorsal,12000,FRO,Abq,ABP16-003,captive spawn,0,,San Marcial,1,hard release,GLD 2016,G,L,D,2016,67.5,67.5,,,,
14-Nov-17,11,green,right,predorsal,16000,FRO,Dexter,17CSDX,captive spawn,0,60,Nine-mile Outfall,1,hard release,GRD 2017,G,R,D,2017,103.2,103.2,,11.6,18,
14-Nov-17,11,green,right,predorsal,16000,FRO,Dexter,17CSDX,captive spawn,0,60,North Boundary BDANWR,1,hard release,GRD 2017,G,R,D,2017,86.5,86.5,,11.6,18,
14-Nov-17,11,green ,right,predorsal,16366,FRO,Dexter,17CSDX,captive spawn,0,60,1.5 mi below SADD,1,hard release,GRD 2017,G,R,D,2017,114.2,114.2,,11.6,18,
14-Nov-17,11,red,right,predorsal,4000,FRO,Abq,ABP17-001/002/003,captive spawn,0,60,Nine-mile Outfall,1,hard release,RRD 2017,R,R,D,2017,103.2,103.2,,12,8,
14-Nov-17,11,red,right,predorsal,4000,FRO,Abq,ABP17-001/002/003,captive spawn,0,60,North Boundary BDANWR,1,hard release,RRD 2017,R,R,D,2017,86.5,86.5,,12,8,
14-Nov-17,11,red,right,predorsal,4000,FRO,Abq,ABP17-001/002/003,captive spawn,0,60,1.5 mi below SADD,1,hard release,RRD 2017,R,R,D,2017,114.2,114.2,,12,11,
15-Feb-18,2,green,left,predorsal,5000,FRO,Dexter,17CSDX,captive spawn,0,55,Nine-mile Outfall,1,hard release,GLD 2018,G,L,D,2018,103.2,103.2,,,,
15-Feb-18,2,green,left,predorsal,4500,FRO,Dexter,17CSDX,captive spawn,0,55,North Boundary BDANWR,1,hard release,GLD 2018,G,L,D,2018,86.5,86.5,,,,
15-Feb-18,2,green,left,predorsal,5000,FRO,Dexter,17CSDX,captive spawn,0,55,1.5 mi below SADD,1,hard release,GLD 2018,G,L,D,2018,114.2,114.2,,,,
15-Feb-18,2,red,left,predorsal,6000,FRO,Abq,ABP17-001/002/003,captive spawn,0,,Nine-mile Outfall,1,hard release,RLD 2018,R,L,D,2018,103.2,103.2,,,,
15-Feb-18,2,red,left,predorsal,6000,FRO,Abq,ABP17-001/002/003,captive spawn,0,,North Boundary BDANWR,1,hard release,RLD 2018,R,L,D,2018,86.5,86.5,,,,
15-Feb-18,2,red,left,predorsal,6000,FRO,Abq,ABP17-001/002/003,captive spawn,0,,1.5 mi below SADD,1,hard release,RLD 2018,R,L,D,2018,114.2,114.2,,,,
9-May-18,5,blue,right,predorsal,200,SWCA,Abq,,broodstock,4,,SADD,1,,BRD 2018,B,R,D,2018,115.6,115.6,,,,experimental PIT tagged fish
2-Jul-18,7,blue,right and left,predorsal,100,SWCA,Abq,,broodstock,4,,SADD,1,,BRD 2018,B,R,D,2018,115.6,115.6,,,,experimental PIT tagged fish
2-Jul-18,7,blue,right and left,predorsal,460,SWCA,Abq,,broodstock,4,,SADD,1,,BRD 2018,B,R,D,2018,115.6,115.6,,,,experimental PIT tagged fish
22-Oct-18,10,yellow,left,predorsal,20000,FRO,Dexter,,captive spawn,0,45,Santa Ana Pueblo,1,hard release,YLD 2018,Y,L,D,2018,207.3,207.3,,,,
22-Oct-18,10,yellow,left,predorsal,20000,FRO,Dexter,,captive spawn,0,45,Sandia Pueblo,1,hard release,YLD 2018,Y,L,D,2018,197.8,197.8,,,,
22-Oct-18,10,yellow,left,predorsal,20000,FRO,Dexter,,captive spawn,0,45,Alameda Bridge,1,hard release,YLD 2018,Y,L,D,2018,191.1,191.1,,,,
13-Nov-18,11,orange,left,predorsal,1100,FRO,LLSMR,,captive spawn,0,35,4 miles below SADD,1,hard release,OLD 2018,O,L,D,2018,111.9,111.9,,,,
13-Nov-18,11,orange,left,predorsal,1100,FRO,LLSMR,,captive spawn,0,35,Nine-mile Outfall,1,hard release,OLD 2018,O,L,D,2018,103.2,103.2,,,,
13-Nov-18,11,orange,left,predorsal,1100,FRO,LLSMR,,captive spawn,0,35,North Boundary BDANWR,1,hard release,OLD 2018,O,L,D,2018,86.5,86.5,,,,
14-Nov-18,11,yellow,left,predorsal,7000,FRO,Dexter,,captive spawn,0,,4 miles below SADD,1,hard release,YLD 2018,Y,L,D,2018,111.9,111.9,,,,
14-Nov-18,11,yellow,left,predorsal,7000,FRO,Dexter,,captive spawn,0,,Nine-mile Outfall,1,hard release,YLD 2018,Y,L,D,2018,103.2,103.2,,,,
14-Nov-18,11,yellow,left,predorsal,7000,FRO,Dexter,,captive spawn,0,,North Boundary BDANWR,1,hard release,YLD 2018,Y,L,D,2018,86.5,86.5,,,,
14-Nov-18,11,yellow,left,predorsal,11000,FRO,Dexter,,captive spawn,0,,Los Chavez,1,hard release,YLD 2018,Y,L,D,2018,157,157,,,,
14-Nov-18,11,yellow,left,predorsal,11000,FRO,Dexter,,captive spawn,0,,Jarales Bridge,1,hard release,YLD 2018,Y,L,D,2018,141.3,141.3,,,,
14-Nov-18,11,yellow,left,predorsal,11000,FRO,Dexter,,captive spawn,0,,U.S. 60,1,hard release,YLD 2018,Y,L,D,2018,131.4,131.4,,,,
15-Nov-18,11,white,left,predorsal,6000,FRO,Abq,,captive spawn,0,,3 miles below SADD,1,hard release,WLD 2018,W,L,D,2018,112.6,112.6,,,,
15-Nov-18,11,white,left,predorsal,6000,FRO,Abq,,captive spawn,0,,Nine-mile Outfall,1,hard release,WLD 2018,W,L,D,2018,103.2,103.2,,,,
15-Nov-18,11,white,left,predorsal,6000,FRO,Abq,,captive spawn,0,,North Boundary BDANWR,1,hard release,WLD 2018,W,L,D,2018,86.5,86.5,,,,
16-Nov-18,11,white,left,predorsal,15000,FRO,Abq,,captive spawn,0,,Alameda Bridge,1,hard release,WLD 2018,W,L,D,2018,191.1,191.1,,,,
16-Nov-18,11,white,left,predorsal,5000,FRO,Abq,,captive spawn,0,,Jarales Bridge,1,hard release,WLD 2018,W,L,D,2018,141.3,141.3,,,,
16-Nov-18,11,white,left,predorsal,5000,FRO,Abq,,captive spawn,0,,Los Chavez,1,hard release,WLD 2018,W,L,D,2018,157,157,,,,
16-Nov-18,11,white,left,predorsal,5000,FRO,Abq,,captive spawn,0,,U.S. 60,1,hard release,WLD 2018,W,L,D,2018,131.4,131.4,,,,
13-Feb-19,2,yellow,right,predorsal,7300,FRO,Dexter,,captive spawn,0,,North Boundary BDANWR,1,hard release,YRD 2019,Y,R,D,2019,86.5,86.5,,,,
13-Feb-19,2,yellow,right,predorsal,7300,FRO,Dexter,,captive spawn,0,,Nine-mile Outfall,1,hard release,YRD 2019,Y,R,D,2019,103.2,103.2,,,,
13-Feb-19,2,yellow,right,predorsal,7300,FRO,Dexter,,captive spawn,,,4 miles below SADD,1,hard release,YRD 2019,Y,R,D,2019,111.9,111.9,,,,
14-Feb-19,2,white,right,predorsal,5700,FRO,Abq,,captive spawn,,,North Boundary BDANWR,1,hard release,WRD 2019,W,R,D,2019,86.5,86.5,,,,
14-Feb-19,2,white,right,predorsal,5700,FRO,Abq,,captive spawn,,,Nine-mile Outfall,1,hard release,WRD 2019,W,R,D,2019,103.2,103.2,,,,
14-Feb-19,2,white,right,predorsal,5700,FRO,Abq,,captive spawn,,,4 miles below SADD,1,hard release,WRD 2019,W,R,D,2019,111.9,111.9,,,,
15-Feb-19,2,orange,right,predorsal,945,FRO,LLSMR,,captive spawn,,,North Boundary BDANWR,1,hard release,ORD 2019,O,R,D,2019,86.5,86.5,,,,
15-Feb-19,2,orange,right,predorsal,949,FRO,LLSMR,,captive spawn,,,Nine-mile Outfall,1,hard release,ORD 2019,O,R,D,2019,103.2,103.2,,,,
15-Feb-19,2,orange,right,predorsal,945,FRO,LLSMR,,captive spawn,,,4 miles below SADD,1,hard release,ORD 2019,O,R,D,2019,111.9,111.9,,,,
20-Mar-19,3,blue,right,predorsal,393,FRO,Dexter,,Dexter,1,58,RM 111.9,1,hard release,BRD 2019,B,R,D,2019,111.9,111.9,Dexter,,,
20-Mar-19,3,blue,right,predorsal,261,FRO,Dexter,,Dexter,1,58,RM 113.7,1,hard release,BRD 2019,B,R,D,2019,113.7,113.7,Dexter,,,
20-Mar-19,3,blue,right,predorsal,323,FRO,Dexter,,Dexter,1,58,RM 115.5,1,hard release,BRD 2019,B,R,D,2019,115.5,115.5,Dexter,,,
20-Mar-19,3,blue,right,predorsal,247,SWCA,Abq,,BioPark,5,,RM 111.9,1,hard release,BRD 2019,B,R,D,2019,111.9,111.9,,,,
20-Mar-19,3,blue,right,predorsal,252,SWCA,Abq,,BioPark,5,,RM 113.7,1,hard release,BRD 2019,B,R,D,2019,113.7,113.7,,,,
20-Mar-19,3,blue,right,predorsal,238,SWCA,Abq,,BioPark,5,,RM 115.5,1,hard release,BRD 2019,B,R,D,2019,115.5,115.5,,,,
